index,Stenobrachius,Red_Irish_lord,Herring,Capelin,Sand_lance,Gadus,Greenling,Prowfish,Sandfish,Eulachon,Crested_bigscale,Gadid,Lingcod,Daubed_shanny,Searcher,Scaly_paperbone,Lampanyctus,Pacific_salmon,Eelpout,Sablefish,California_headlightfish,Scalyhead_sculpin,Cockscomb,Longfin_sculpin,Lobefin_snailfish,Wrymouth,Rockfish,Arrowtooth_flounder,Sculpin,Sharpnose_sculpin,Buffalo_sculpin,Tidepool_snailfish,Sole,Medusafish,Grunt_sculpin,Atlantic_salmon,Sailfin_sculpin,Species,Colony,Age,Year,Type,Plate,Stage
BLKI-MID-AD-2024-1,2500,281,757,0,0,0,68,0,0,0,0,0,0,0,0,0,598,0,0,0,0,0,0,0,0,0,0,0,0,0,0,0,0,0,0,0,0,BLKI,MID,AD,2024,SAMPLE,99,NA
BLKI-MID-AD-2024-10,400,0,0,28,0,0,0,0,0,0,0,0,0,0,0,0,0,0,0,0,0,0,0,0,0,0,0,0,0,0,0,0,0,0,0,0,0,BLKI,MID,AD,2024,SAMPLE,99,NA
BLKI-MID-AD-2024-11,4349,0,6429,0,0,54,3,0,0,0,0,0,0,0,0,0,160590,0,0,0,0,0,0,0,0,0,0,0,0,0,0,0,0,0,0,0,0,BLKI,MID,AD,2024,SAMPLE,99,NA
BLKI-MID-AD-2024-13,236875,1331,0,0,0,0,0,0,0,0,0,0,0,0,74019,0,31454,0,0,46,0,0,0,0,0,29317,0,7762,0,0,0,0,0,0,0,0,0,BLKI,MID,AD,2024,SAMPLE,99,NA
BLKI-MID-AD-2024-14,108650,15,0,0,0,0,0,0,0,0,0,0,0,0,389,0,333,0,0,7,0,0,0,0,0,7002,0,103,0,0,0,0,0,0,0,0,0,BLKI,MID,AD,2024,SAMPLE,99,NA
BLKI-MID-AD-2024-15,98,0,0,0,0,0,0,0,0,63877,0,0,0,0,0,0,0,0,0,0,0,0,0,0,0,0,0,0,0,0,0,0,0,0,0,0,0,BLKI,MID,AD,2024,SAMPLE,99,NA
BLKI-MID-AD-2024-17,1155,752,1409,197,0,0,0,0,0,9950,0,0,0,0,0,0,258,0,0,0,0,178,0,0,0,466,0,0,0,0,0,0,0,0,0,0,0,BLKI,MID,AD,2024,SAMPLE,99,NA
BLKI-MID-AD-2024-2,189,0,0,283,0,0,3929,0,0,0,0,0,0,0,0,0,237,0,0,0,0,0,0,0,0,0,0,0,0,0,0,0,0,0,0,0,0,BLKI,MID,AD,2024,SAMPLE,99,NA
BLKI-MID-AD-2024-20,772,693,478,0,0,0,0,0,0,47946,0,0,0,0,577,0,0,0,0,0,0,0,0,0,0,10876,0,1680,0,0,0,0,0,0,0,0,0,BLKI,MID,AD,2024,SAMPLE,99,NA
BLKI-MID-AD-2024-21,89,0,218,497,0,0,0,0,0,2535,0,0,0,0,0,0,0,0,0,0,0,0,0,0,0,88,0,0,0,0,0,0,0,0,0,0,0,BLKI,MID,AD,2024,SAMPLE,99,NA
BLKI-MID-AD-2024-23,16,100,3188,24801,0,0,0,0,0,13957,0,0,0,0,0,0,0,0,0,0,0,0,0,0,0,0,17,0,0,0,68,0,0,0,0,0,0,BLKI,MID,AD,2024,SAMPLE,99,NA
BLKI-MID-AD-2024-24,0,0,1289,313,0,0,716,0,0,160,0,0,0,0,0,0,0,0,0,0,0,0,0,0,0,0,0,0,0,0,0,0,0,0,0,0,0,BLKI,MID,AD,2024,SAMPLE,99,NA
BLKI-MID-AD-2024-25,0,0,0,3674,0,0,0,0,0,326,0,0,0,0,2525,0,0,0,0,0,0,0,0,0,0,399,0,0,0,0,0,0,0,0,0,0,0,BLKI,MID,AD,2024,SAMPLE,99,NA
BLKI-MID-AD-2024-26,0,0,2690,0,0,0,0,0,0,0,0,0,0,0,0,0,0,0,0,0,0,0,0,0,0,0,0,0,0,0,0,0,0,0,0,0,0,BLKI,MID,AD,2024,SAMPLE,99,NA
BLKI-MID-AD-2024-27,2639,0,8251,0,0,0,0,0,0,0,0,0,0,0,0,0,0,0,0,0,0,0,0,0,0,0,0,0,0,0,0,0,0,0,0,0,0,BLKI,MID,AD,2024,SAMPLE,99,NA
BLKI-MID-AD-2024-28,0,0,5395,6469,0,0,0,0,0,0,0,0,0,0,0,0,0,0,0,0,0,0,0,0,0,0,0,1216,0,0,0,0,0,0,0,0,0,BLKI,MID,AD,2024,SAMPLE,99,NA
BLKI-MID-AD-2024-290,0,0,209,53,0,0,0,0,0,0,0,0,0,0,0,0,0,0,0,886,0,0,0,0,0,0,0,0,0,0,0,0,0,0,0,0,0,BLKI,MID,AD,2024,SAMPLE,102,NA
BLKI-MID-AD-2024-3,0,0,0,0,0,0,0,0,0,0,0,0,0,0,0,0,0,0,0,0,0,0,0,0,0,209255,0,0,0,0,0,0,0,0,0,0,0,BLKI,MID,AD,2024,SAMPLE,99,NA
BLKI-MID-AD-2024-30,0,0,175,256,391,0,14748,0,0,0,0,0,0,0,89,0,0,0,0,0,0,0,0,0,0,0,0,0,0,0,0,0,0,0,0,0,0,BLKI,MID,AD,2024,SAMPLE,100,NA
BLKI-MID-AD-2024-31,0,0,1270,0,0,0,0,0,0,0,109075,0,0,0,0,0,0,0,0,0,0,0,0,0,0,405,0,0,0,0,0,0,0,0,0,0,0,BLKI,MID,AD,2024,SAMPLE,100,NA
BLKI-MID-AD-2024-32,188051,0,15,26,0,66,0,0,0,0,0,0,0,0,0,0,0,0,0,0,0,0,0,0,0,0,0,0,0,0,0,0,0,0,0,0,0,BLKI,MID,AD,2024,SAMPLE,100,NA
BLKI-MID-AD-2024-33,0,0,2268,33560,0,0,0,0,0,0,0,0,0,0,0,0,0,0,0,0,0,0,0,0,0,0,0,0,0,0,0,0,0,0,0,0,0,BLKI,MID,AD,2024,SAMPLE,100,NA
BLKI-MID-AD-2024-34,0,0,0,43990,0,0,0,0,0,0,0,0,0,0,0,0,0,0,0,0,0,0,0,0,0,0,0,0,0,0,0,0,0,0,0,0,0,BLKI,MID,AD,2024,SAMPLE,100,NA
BLKI-MID-AD-2024-35,0,0,659,1158,0,0,0,0,0,0,0,0,0,0,0,0,0,0,0,0,0,0,0,0,0,0,0,0,0,0,0,0,0,0,0,346,0,BLKI,MID,AD,2024,SAMPLE,100,NA
BLKI-MID-AD-2024-36,461,0,221,8789,0,0,0,0,0,0,0,0,0,0,0,0,0,0,0,0,0,0,0,0,0,0,0,0,0,0,0,0,0,0,0,0,0,BLKI,MID,AD,2024,SAMPLE,100,NA
BLKI-MID-AD-2024-37,0,0,622,72,0,0,0,0,0,0,0,0,46,0,0,0,0,0,0,0,0,0,0,0,0,0,0,0,0,0,0,0,0,0,0,0,0,BLKI,MID,AD,2024,SAMPLE,100,NA
BLKI-MID-AD-2024-39,102373,0,0,0,0,0,0,0,0,0,2598,0,0,0,0,0,0,0,0,0,0,0,0,0,0,0,0,0,0,0,0,0,0,0,0,0,0,BLKI,MID,AD,2024,SAMPLE,100,NA
BLKI-MID-AD-2024-4,0,0,250608,0,78,0,0,0,0,0,0,0,0,0,0,0,0,0,0,0,0,0,0,0,0,198,0,0,0,0,0,0,0,0,0,0,0,BLKI,MID,AD,2024,SAMPLE,99,NA
BLKI-MID-AD-2024-40,5823,7,968,509,0,0,0,0,0,0,0,0,0,0,0,0,0,0,0,0,0,0,0,0,0,0,0,0,0,0,285,0,0,0,0,0,0,BLKI,MID,AD,2024,SAMPLE,100,NA
BLKI-MID-AD-2024-41,0,0,127575,182687,0,0,0,0,0,0,0,0,0,0,0,0,0,0,0,0,0,0,0,0,0,0,0,0,0,0,0,0,0,0,0,0,0,BLKI,MID,AD,2024,SAMPLE,100,NA
BLKI-MID-AD-2024-42,0,0,0,909,327,0,0,0,0,0,0,0,0,0,0,0,0,0,0,0,0,0,0,0,0,0,0,0,0,0,0,0,0,0,0,0,0,BLKI,MID,AD,2024,SAMPLE,100,NA
BLKI-MID-AD-2024-43,0,0,84203,0,0,0,0,0,0,0,0,0,0,0,0,0,0,0,0,0,0,0,0,0,0,0,0,0,0,0,0,0,0,0,0,0,0,BLKI,MID,AD,2024,SAMPLE,100,NA
BLKI-MID-AD-2024-44,0,0,43540,275,0,0,0,0,0,0,0,0,0,0,0,0,0,0,0,0,0,0,0,0,0,0,0,0,0,0,0,0,0,0,0,0,0,BLKI,MID,AD,2024,SAMPLE,100,NA
BLKI-MID-AD-2024-45,0,0,160791,19,0,0,0,0,0,0,0,0,136,0,0,0,0,0,0,60,0,0,13,0,0,0,107181,17189,0,0,0,0,0,0,0,0,0,BLKI,MID,AD,2024,SAMPLE,100,NA
BLKI-MID-AD-2024-46,0,0,45069,0,0,0,0,0,0,0,0,0,0,0,0,0,0,0,0,0,0,0,0,0,0,0,0,0,0,0,0,0,0,0,0,0,0,BLKI,MID,AD,2024,SAMPLE,100,NA
BLKI-MID-AD-2024-47,0,0,64678,15509,936,3694,72454,0,0,0,0,0,0,0,0,0,0,0,0,0,0,0,0,0,0,0,0,387,0,0,0,0,0,0,0,0,0,BLKI,MID,AD,2024,SAMPLE,100,NA
BLKI-MID-AD-2024-48,0,0,1508,986,0,0,0,0,0,4,0,0,0,0,0,0,0,0,0,0,0,0,0,0,0,0,0,0,0,0,0,0,0,0,0,0,0,BLKI,MID,AD,2024,SAMPLE,100,NA
BLKI-MID-AD-2024-49,0,0,8835,0,0,0,0,0,0,0,0,0,0,0,0,0,0,0,0,0,0,0,0,0,0,0,0,0,0,0,0,0,0,0,0,0,0,BLKI,MID,AD,2024,SAMPLE,100,NA
BLKI-MID-AD-2024-5,0,0,856,0,0,0,0,0,0,21085,0,0,0,0,0,0,0,0,0,0,0,0,0,0,0,0,0,0,0,0,0,0,0,0,0,0,0,BLKI,MID,AD,2024,SAMPLE,99,NA
BLKI-MID-AD-2024-50,0,2567,8773,0,0,0,0,0,0,0,0,0,0,0,0,0,0,0,0,0,0,0,0,0,0,0,0,0,0,0,0,0,0,0,0,0,0,BLKI,MID,AD,2024,SAMPLE,100,NA
BLKI-MID-AD-2024-51,0,0,16451,0,0,0,0,0,0,0,0,0,0,0,0,0,0,0,0,0,0,0,0,0,0,0,0,0,0,0,0,0,0,0,0,0,0,BLKI,MID,AD,2024,SAMPLE,100,NA
BLKI-MID-AD-2024-52,0,8980,192447,0,0,0,0,0,0,0,0,0,0,0,0,0,0,0,0,0,0,16,49440,0,0,0,0,0,0,0,0,2608,0,0,0,0,0,BLKI,MID,AD,2024,SAMPLE,100,NA
BLKI-MID-AD-2024-53,0,0,224015,0,0,0,0,0,0,0,0,0,0,0,0,0,0,0,0,0,0,0,9320,0,0,0,0,0,0,0,0,0,0,0,0,0,0,BLKI,MID,AD,2024,SAMPLE,100,NA
BLKI-MID-AD-2024-54,0,0,172623,169,0,0,628,0,0,0,0,0,0,0,0,0,0,0,0,0,0,0,1160,0,0,0,0,0,0,0,0,0,0,0,0,0,0,BLKI,MID,AD,2024,SAMPLE,100,NA
BLKI-MID-AD-2024-55,0,0,8954,404,0,0,0,0,0,0,0,0,0,0,0,0,0,0,0,0,0,0,3307,0,0,0,0,0,0,0,0,0,0,0,0,0,0,BLKI,MID,AD,2024,SAMPLE,100,NA
BLKI-MID-AD-2024-56,0,0,263771,0,0,0,0,0,0,0,0,0,0,0,0,0,0,0,0,0,0,0,0,0,0,0,0,0,0,0,0,0,0,0,0,0,0,BLKI,MID,AD,2024,SAMPLE,100,NA
BLKI-MID-AD-2024-57,0,0,189612,127,0,0,0,0,0,0,0,0,0,0,0,0,0,0,0,0,0,0,0,0,0,0,0,0,0,0,0,0,0,0,0,0,0,BLKI,MID,AD,2024,SAMPLE,100,NA
BLKI-MID-AD-2024-58,149333,0,13,0,0,12,0,0,0,0,0,0,0,0,0,108035,10339,0,0,0,0,0,0,0,0,0,0,0,0,0,0,0,0,0,0,0,0,BLKI,MID,AD,2024,SAMPLE,100,NA
BLKI-MID-AD-2024-59,0,0,265248,356,181,55,0,0,0,0,0,0,0,0,0,0,0,0,0,0,0,0,0,0,0,0,1763,0,0,0,0,0,0,0,0,0,0,BLKI,MID,AD,2024,SAMPLE,100,NA
BLKI-MID-AD-2024-6,0,0,339400,6610,0,0,0,0,0,0,0,0,0,0,0,0,0,0,0,0,0,0,0,0,0,0,0,0,0,0,0,0,0,0,0,0,0,BLKI,MID,AD,2024,SAMPLE,99,NA
BLKI-MID-AD-2024-60,0,1129,44840,0,0,14051,0,0,0,0,0,11040,0,0,0,8,13398,0,0,0,0,0,0,0,0,0,235,0,0,0,0,0,0,0,0,0,0,BLKI,MID,AD,2024,SAMPLE,101,NA
BLKI-MID-AD-2024-61,50751,0,0,0,0,0,0,0,0,0,0,0,0,0,0,0,25514,0,0,0,0,0,0,0,0,0,0,0,0,0,0,0,0,0,0,0,0,BLKI,MID,AD,2024,SAMPLE,101,NA
BLKI-MID-AD-2024-62,0,0,57,0,0,4331,0,799,0,0,0,2269,0,0,0,0,10,0,0,0,0,0,0,0,0,0,0,0,0,0,0,0,0,0,0,0,0,BLKI,MID,AD,2024,SAMPLE,101,NA
BLKI-MID-AD-2024-63,0,0,154488,129,0,6076,0,0,0,0,0,919,0,0,0,0,0,0,0,0,0,0,0,0,0,0,2613,0,0,0,0,0,0,0,0,0,0,BLKI,MID,AD,2024,SAMPLE,101,NA
BLKI-MID-AD-2024-64,14366,10,2426,0,0,67129,0,0,0,0,0,57023,0,0,0,0,52090,0,0,38,0,13,0,0,0,0,0,0,0,0,0,0,0,0,0,0,0,BLKI,MID,AD,2024,SAMPLE,101,NA
BLKI-MID-AD-2024-65,130745,0,95366,0,241,579,249,0,0,0,0,1066,0,0,0,0,238,0,0,0,0,0,0,0,0,0,0,0,0,0,0,0,0,0,0,0,0,BLKI,MID,AD,2024,SAMPLE,101,NA
BLKI-MID-AD-2024-66,0,0,6084,0,3,0,0,0,0,0,0,0,0,0,0,0,0,0,0,0,0,0,0,0,0,0,0,0,0,0,0,0,0,0,0,0,0,BLKI,MID,AD,2024,SAMPLE,101,NA
BLKI-MID-AD-2024-67,0,0,94280,0,691,1349,0,0,0,0,0,8415,0,0,0,0,0,0,0,0,0,0,0,0,0,0,0,0,0,0,0,0,0,0,0,0,0,BLKI,MID,AD,2024,SAMPLE,101,NA
BLKI-MID-AD-2024-68,0,0,64317,208,182,391,440,0,0,0,0,362,0,0,0,0,0,0,0,0,0,0,0,0,0,0,0,0,0,0,0,0,0,0,0,0,0,BLKI,MID,AD,2024,SAMPLE,101,NA
BLKI-MID-AD-2024-69,0,0,86479,65220,0,192,0,0,0,0,0,28,6,0,0,0,0,0,0,0,0,0,0,0,0,0,0,0,0,0,0,0,0,0,0,0,0,BLKI,MID,AD,2024,SAMPLE,101,NA
BLKI-MID-AD-2024-7,222151,0,455,56,0,0,0,0,0,0,511,0,0,0,0,0,0,0,0,0,0,0,0,0,0,4456,0,0,0,0,0,0,0,0,0,0,0,BLKI,MID,AD,2024,SAMPLE,99,NA
BLKI-MID-AD-2024-70,226,0,80229,0,58,0,0,0,0,0,0,115,0,0,0,0,0,0,0,0,0,0,0,0,0,0,0,0,0,0,0,0,0,0,0,0,0,BLKI,MID,AD,2024,SAMPLE,101,NA
BLKI-MID-AD-2024-71,0,0,14136,8,0,3330,0,0,0,0,0,2965,7,0,0,0,0,0,0,240,0,0,0,0,0,0,0,0,0,0,0,0,0,0,0,0,0,BLKI,MID,AD,2024,SAMPLE,101,NA
BLKI-MID-AD-2024-72,0,0,37841,981,0,1248,0,0,0,0,0,9690,0,0,0,0,0,0,0,0,0,0,0,0,0,0,0,0,0,0,0,0,0,0,0,0,0,BLKI,MID,AD,2024,SAMPLE,101,NA
BLKI-MID-AD-2024-73,0,0,162986,553,0,598,0,0,0,7,0,61,0,0,0,0,0,0,0,0,0,0,0,0,0,0,0,0,0,0,0,0,0,0,0,0,0,BLKI,MID,AD,2024,SAMPLE,101,NA
BLKI-MID-AD-2024-74,0,0,54242,84729,62,111,0,0,0,0,0,59705,0,0,0,0,0,0,0,0,0,0,0,0,0,0,0,0,0,0,0,0,0,0,0,0,0,BLKI,MID,AD,2024,SAMPLE,101,NA
BLKI-MID-AD-2024-75,60585,0,0,0,0,0,0,0,0,0,0,0,0,0,0,0,4094,0,0,0,0,0,0,0,0,0,0,0,0,0,0,0,0,0,0,0,0,BLKI,MID,AD,2024,SAMPLE,101,NA
BLKI-MID-AD-2024-76,21,0,76156,19,0,88,0,0,0,0,0,21294,0,0,0,0,0,17194,0,0,0,0,0,0,0,0,0,0,0,0,0,0,0,0,0,0,0,BLKI,MID,AD,2024,SAMPLE,101,NA
BLKI-MID-AD-2024-77,82,0,1422,8,0,36,0,0,0,0,0,546,0,0,0,8,312,120376,0,0,0,0,0,0,0,0,0,0,0,0,0,0,0,0,0,0,0,BLKI,MID,AD,2024,SAMPLE,101,NA
BLKI-MID-AD-2024-78,183,0,175287,0,0,29966,0,0,0,0,0,0,0,0,0,0,0,7,0,0,0,0,0,0,0,0,0,0,0,0,0,0,0,0,0,0,0,BLKI,MID,AD,2024,SAMPLE,101,NA
BLKI-MID-AD-2024-79,0,18,107371,0,83868,77,0,0,0,0,0,0,27998,0,0,0,0,0,0,0,0,0,0,0,0,0,0,0,0,0,0,0,0,0,0,0,0,BLKI,MID,AD,2024,SAMPLE,101,NA
BLKI-MID-AD-2024-8,590,0,6474,0,0,0,225,0,0,0,0,0,0,0,0,0,0,0,0,0,0,0,0,0,0,0,0,0,0,0,0,0,0,0,0,0,0,BLKI,MID,AD,2024,SAMPLE,99,NA
BLKI-MID-AD-2024-80,0,0,2860,0,0,22057,0,0,0,101274,0,58261,0,0,0,0,0,0,0,0,0,0,0,0,0,0,0,0,0,0,0,0,0,0,0,0,0,BLKI,MID,AD,2024,SAMPLE,101,NA
BLKI-MID-AD-2024-81,77,0,81623,3,0,0,0,0,0,0,0,169,0,0,0,0,0,0,0,0,0,0,0,0,0,0,0,0,0,0,0,0,0,0,0,0,0,BLKI,MID,AD,2024,SAMPLE,101,NA
BLKI-MID-AD-2024-82,0,0,29090,20,0,98,0,0,0,0,0,0,0,0,0,0,0,69,0,0,0,0,0,0,0,0,0,0,0,0,0,0,0,0,0,0,0,BLKI,MID,AD,2024,SAMPLE,101,NA
BLKI-MID-AD-2024-83,0,289,48990,63408,0,1405,0,0,0,4,0,538,0,0,0,0,0,0,0,0,0,0,0,63,0,0,0,0,0,0,0,0,0,0,0,0,0,BLKI,MID,AD,2024,SAMPLE,101,NA
BLKI-MID-AD-2024-84,212,0,304,9640,349,0,0,0,0,0,0,33,0,0,0,0,0,76517,0,0,0,0,0,0,0,0,0,0,0,0,0,0,0,0,0,0,0,BLKI,MID,AD,2024,SAMPLE,101,NA
BLKI-MID-AD-2024-85,0,0,747,5,9372,178044,3098,0,0,0,0,21623,0,0,0,0,0,1632,0,0,0,0,0,0,0,0,0,0,0,0,0,0,0,0,0,0,0,BLKI,MID,AD,2024,SAMPLE,101,NA
BLKI-MID-AD-2024-86,0,95,383,10904,13,1214,27,0,0,0,0,258,0,0,0,0,0,86,0,0,0,376,0,0,0,0,0,0,0,0,0,0,0,0,0,0,0,BLKI,MID,AD,2024,SAMPLE,101,NA
BLKI-MID-AD-2024-87,0,0,248527,944,0,1972,0,0,0,0,0,0,91,0,0,0,0,0,0,0,0,0,0,0,0,0,0,0,0,0,0,0,0,0,0,0,0,BLKI,MID,AD,2024,SAMPLE,101,NA
BLKI-MID-AD-2024-88,0,0,245707,0,0,0,0,0,0,0,0,0,0,0,0,0,0,0,0,0,0,0,0,0,0,0,0,0,0,0,0,0,0,0,0,0,0,BLKI,MID,AD,2024,SAMPLE,102,NA
BLKI-MID-AD-2024-89,96451,0,51,0,0,0,0,0,0,0,0,0,0,0,0,0,0,0,0,0,0,0,0,0,0,0,0,0,0,0,0,0,0,0,0,0,0,BLKI,MID,AD,2024,SAMPLE,102,NA
BLKI-MID-AD-2024-9,113,0,495,0,0,0,0,0,0,9115,0,0,0,0,0,0,0,0,0,0,0,0,0,0,0,0,0,0,0,0,0,0,0,0,0,0,0,BLKI,MID,AD,2024,SAMPLE,99,NA
BLKI-MID-AD-2024-90,0,0,0,64125,0,0,0,0,0,0,0,0,0,0,0,0,0,0,0,0,0,0,0,0,0,0,0,0,0,0,0,0,0,0,0,0,0,BLKI,MID,AD,2024,SAMPLE,102,NA
BLKI-MID-AD-2024-91,0,0,0,15705,0,0,0,0,0,0,0,0,0,0,0,0,0,0,0,0,0,0,0,0,0,0,0,0,0,0,0,0,0,0,0,0,0,BLKI,MID,AD,2024,SAMPLE,102,NA
BLKI-MID-AD-2024-92,0,0,0,7465,0,0,0,0,0,0,0,0,0,0,0,0,0,0,0,0,0,0,0,0,0,0,0,0,0,0,0,0,0,0,0,0,0,BLKI,MID,AD,2024,SAMPLE,102,NA
BLKI-MID-AD-2024-93,0,0,276,18,0,0,373123,0,0,6287,0,0,0,0,0,0,1229,0,0,100920,0,0,0,0,0,0,0,0,0,0,0,0,0,0,0,0,0,BLKI,MID,AD,2024,SAMPLE,102,NA
BLKI-MID-AD-2024-94,0,509,18820,0,44,613,293,147,101802,0,0,0,11049,0,0,0,0,0,0,0,0,20,0,0,0,0,0,0,0,0,0,0,0,0,0,0,0,BLKI,MID,AD,2024,SAMPLE,102,NA
BLKI-MID-AD-2024-95,952,1861,3898,6120,0,1354,1235,0,29,32906,0,230,0,0,0,0,836,117,0,0,0,0,0,133,0,0,0,0,0,0,0,0,0,0,0,0,0,BLKI,MID,AD,2024,SAMPLE,102,NA
BLKI-MID-AD-2024-96,0,0,0,56641,0,210088,0,0,0,0,0,0,0,0,0,0,0,0,0,0,0,0,0,0,0,0,0,0,0,0,0,0,0,0,0,0,0,BLKI,MID,AD,2024,SAMPLE,102,NA
BLKI-MID-AD-2024-97,0,0,465314,0,0,0,0,0,0,0,0,0,0,0,0,0,0,0,0,0,0,0,0,0,0,0,627,0,0,0,0,0,0,0,0,0,0,BLKI,MID,AD,2024,SAMPLE,102,NA
BLKI-MID-AD-2024-98,0,0,261484,0,0,0,0,0,0,0,0,0,0,0,0,0,0,0,0,0,0,0,0,0,0,0,0,0,0,0,0,0,0,0,0,0,0,BLKI,MID,AD,2024,SAMPLE,102,NA
P01,0,0,122018,0,0,0,0,0,0,0,0,0,0,0,0,0,0,0,0,0,0,0,0,0,0,0,0,0,0,0,0,0,0,0,0,0,0,BLKI,MID,AD,2023,SAMPLE,75,NA
P02,0,0,2306,187336,0,0,0,0,0,3742,0,0,0,0,0,0,0,0,0,0,0,0,0,0,0,0,0,0,0,0,0,0,2256,0,0,0,0,BLKI,MID,AD,2023,SAMPLE,75,NA
P03,291,1849,22176,160550,294,0,0,0,0,230,0,0,0,0,0,0,0,0,0,0,2091,0,0,0,323,0,0,0,0,0,0,1762,0,0,0,0,0,BLKI,MID,AD,2023,SAMPLE,75,NA
P04,0,0,52212,689,12952,0,0,0,0,4,0,0,0,0,0,0,0,0,0,0,0,0,0,0,4494,0,0,0,0,0,0,7656,0,0,0,0,0,BLKI,MID,AD,2023,SAMPLE,75,NA
P05,0,0,186371,587,0,25,0,0,0,0,0,0,0,0,0,0,0,0,0,0,0,0,0,0,0,0,0,0,0,0,0,0,0,0,0,0,0,BLKI,MID,AD,2023,SAMPLE,75,NA
P06,0,0,59427,0,0,0,0,0,0,0,0,0,0,0,0,0,0,0,0,0,0,0,0,0,0,0,0,0,0,0,0,0,0,0,0,0,0,BLKI,MID,AD,2023,SAMPLE,75,NA
P07,0,0,2413,7646,0,0,0,0,0,0,0,0,0,0,0,0,0,0,4318,0,0,0,0,0,0,0,0,0,0,0,0,0,0,0,0,0,0,BLKI,MID,AD,2023,SAMPLE,75,NA
P08,0,0,79989,0,0,0,0,0,0,0,0,13687,0,0,0,0,0,0,0,0,0,0,0,0,0,0,0,0,0,0,0,0,0,0,0,0,0,BLKI,MID,AD,2023,SAMPLE,75,NA
P09,0,0,723,99398,0,0,0,0,0,0,0,0,0,0,0,0,0,0,0,0,0,0,0,0,0,0,0,0,0,0,0,0,0,0,0,0,0,BLKI,MID,AD,2023,SAMPLE,75,NA
P10,0,0,0,96889,0,0,0,0,0,435,0,0,0,0,0,0,0,0,0,0,0,0,0,0,0,0,0,0,0,0,0,0,0,0,0,0,0,BLKI,MID,AD,2023,SAMPLE,75,NA
P100,0,0,224904,28,0,0,0,0,0,0,0,0,0,0,0,0,0,0,0,0,0,0,2630,0,0,0,0,0,0,0,0,0,0,0,0,0,0,BLKI,MID,AD,2023,SAMPLE,76,NA
P101,2906,0,44383,107032,0,0,0,0,0,0,0,0,0,0,0,0,308,0,0,0,0,0,0,0,212,0,0,0,0,0,0,0,0,0,0,0,0,BLKI,MID,AD,2023,SAMPLE,76,NA
P102,2,0,9,201922,0,0,0,0,0,0,0,0,0,0,0,0,0,0,0,0,0,0,0,0,0,0,0,0,0,0,0,0,0,0,0,0,0,BLKI,MID,AD,2023,SAMPLE,76,NA
P103,0,0,231091,0,7620,0,0,0,0,0,0,393,0,0,0,0,0,1427,0,0,0,0,0,0,0,0,0,0,0,0,0,0,0,0,0,0,0,BLKI,MID,AD,2023,SAMPLE,76,NA
P104,0,0,102063,126092,0,0,0,0,0,0,0,0,0,0,0,0,0,0,0,0,0,0,0,0,0,0,0,0,0,0,0,0,0,0,0,0,0,BLKI,MID,AD,2023,SAMPLE,76,NA
P105,268287,131,9979,1205,690,0,0,0,165,0,0,0,168,0,0,0,76,317,0,608,0,0,0,0,148,0,0,0,0,0,0,0,0,0,0,0,0,BLKI,MID,AD,2023,SAMPLE,76,NA
P106,0,0,2955,8859,0,1120,0,68632,0,0,0,23699,0,0,0,0,0,0,0,0,0,0,0,0,0,0,0,0,0,0,0,0,0,0,0,0,0,BLKI,MID,AD,2023,SAMPLE,76,NA
P107,1387,914,9604,0,134,1033,828,0,0,0,0,0,0,0,0,0,325,0,0,0,0,0,0,0,0,0,0,0,0,0,0,0,0,0,0,0,0,BLKI,MID,AD,2023,SAMPLE,76,NA
P108,677,0,119,15996,0,117,129620,0,0,0,0,0,0,0,0,0,0,0,0,0,0,0,0,0,0,0,0,0,0,0,0,0,0,0,0,0,0,BLKI,MID,AD,2023,SAMPLE,76,NA
P109,0,0,145895,0,0,0,0,0,0,0,0,0,0,0,0,0,0,0,0,0,0,0,0,0,0,0,0,0,0,0,0,0,0,0,0,0,0,BLKI,MID,AD,2023,SAMPLE,76,NA
P11,0,0,0,65595,0,0,0,0,0,963,0,0,0,0,0,0,0,0,0,0,0,0,0,0,0,0,0,0,0,0,0,0,0,0,0,0,0,BLKI,MID,AD,2023,SAMPLE,75,NA
P110,0,0,252884,4,0,0,0,0,0,0,0,0,0,0,0,0,0,0,0,0,0,0,0,0,0,0,0,0,0,0,0,0,0,0,0,0,0,BLKI,MID,AD,2023,SAMPLE,76,NA
P111,0,0,36613,0,0,0,0,0,0,0,0,0,0,0,0,0,0,4490,0,0,0,0,0,0,0,0,0,0,0,0,0,0,0,0,0,0,0,BLKI,MID,AD,2023,SAMPLE,76,NA
P112,256440,0,1090,0,44,0,0,0,0,0,0,0,0,0,0,0,91266,0,0,0,0,247,0,0,0,0,0,0,0,0,0,0,0,0,0,0,0,BLKI,MID,AD,2023,SAMPLE,76,NA
P115,705,0,109434,4882,638,0,0,955,0,0,0,0,0,0,0,0,0,1558,0,0,0,0,0,0,0,0,0,0,0,0,0,0,0,0,0,0,0,BLKI,MID,AD,2023,SAMPLE,76,NA
P117,0,0,109095,4710,0,1640,0,0,0,0,0,2750,0,0,0,0,0,0,0,0,0,0,0,0,0,0,0,0,0,0,0,0,0,0,0,0,0,BLKI,MID,AD,2023,SAMPLE,76,NA
P118,0,0,136538,3,0,0,0,0,0,0,0,0,0,0,0,0,0,0,0,0,0,0,0,0,0,0,0,0,0,0,0,0,0,0,0,0,0,BLKI,MID,AD,2023,SAMPLE,76,NA
P119,0,0,6453,279839,551,0,0,0,0,0,0,0,0,0,0,0,0,0,0,0,0,0,0,0,0,0,0,0,0,0,0,0,0,0,0,0,0,BLKI,MID,AD,2023,SAMPLE,76,NA
P12,0,0,185037,0,0,0,0,0,0,419,0,0,0,0,0,0,0,0,0,0,0,0,0,0,0,0,0,0,0,0,0,0,0,0,0,0,0,BLKI,MID,AD,2023,SAMPLE,75,NA
P120,0,0,77996,609,5457,0,0,0,0,0,0,104227,0,0,0,0,0,0,0,0,0,0,0,0,0,0,0,0,0,0,0,0,0,0,0,0,0,BLKI,MID,AD,2023,SAMPLE,76,NA
P122,435,0,4874,7284,1333,107,840,0,0,19,0,360,0,0,0,0,134,98,0,0,0,0,0,0,0,0,0,0,0,0,169,0,0,0,0,0,0,BLKI,MID,AD,2023,SAMPLE,76,NA
P123,0,0,105652,6,0,174089,0,0,0,0,0,0,0,0,0,0,0,0,0,0,0,0,0,0,0,0,0,0,0,0,0,0,0,0,0,0,0,BLKI,MID,AD,2023,SAMPLE,76,NA
P124,0,0,66060,0,0,0,0,0,0,0,0,0,0,0,0,0,0,0,0,0,0,0,0,0,0,0,0,0,0,0,0,0,0,0,0,0,0,BLKI,MID,AD,2023,SAMPLE,76,NA
P125,0,0,19506,918,0,0,0,0,0,0,0,0,0,0,0,0,0,0,0,0,0,0,0,0,0,0,0,0,0,0,0,0,0,0,0,0,0,BLKI,MID,AD,2023,SAMPLE,76,NA
P13,0,0,54432,8119,0,0,708,0,0,0,0,0,0,0,0,0,0,0,0,0,0,0,0,0,0,0,0,0,0,0,0,0,0,0,0,0,0,BLKI,MID,AD,2023,SAMPLE,75,NA
P14,0,1548,0,944,0,0,0,0,0,0,0,0,0,0,0,0,0,0,0,0,0,0,0,0,0,0,0,0,0,0,0,0,0,0,0,0,0,BLKI,MID,AD,2023,SAMPLE,75,NA
P15,0,14,873,127094,0,0,10,0,0,7,0,0,0,0,0,0,0,0,0,0,0,0,0,14,0,0,0,0,0,0,0,0,0,0,0,0,0,BLKI,MID,AD,2023,SAMPLE,75,NA
P16,1110,0,8306,18978,0,0,0,0,0,69036,0,0,0,0,0,0,0,0,0,0,0,0,0,0,0,0,0,0,0,0,0,0,0,0,0,0,0,BLKI,MID,AD,2023,SAMPLE,75,NA
P17,0,0,0,0,0,0,0,0,0,31473,0,0,0,0,0,0,0,0,0,0,0,0,0,0,0,0,0,0,0,0,0,0,0,0,0,0,0,BLKI,MID,AD,2023,SAMPLE,75,NA
P18,2333,0,23349,1727,0,0,0,0,0,0,0,0,0,0,0,0,0,0,0,0,0,0,0,0,0,0,0,0,0,0,0,0,0,0,0,0,0,BLKI,MID,AD,2023,SAMPLE,75,NA
P19,26698,0,0,0,0,0,0,0,0,0,0,0,0,0,0,0,0,0,0,0,0,0,0,0,0,0,0,0,0,0,0,0,0,0,0,0,0,BLKI,MID,AD,2023,SAMPLE,75,NA
P21,0,0,20877,0,0,0,0,0,0,0,0,0,0,0,0,0,0,0,0,0,0,0,0,0,0,0,0,0,0,0,0,0,0,0,0,0,0,BLKI,MID,AD,2023,SAMPLE,75,NA
P22,0,0,143145,1777,0,0,0,0,0,0,0,0,0,0,0,0,0,0,0,0,0,0,0,0,0,0,0,0,0,0,0,0,0,0,0,0,0,BLKI,MID,AD,2023,SAMPLE,75,NA
P23,0,0,0,4734,0,0,0,0,0,0,0,0,0,0,0,0,0,0,0,0,0,0,0,0,0,0,0,0,0,0,0,0,0,0,0,0,0,BLKI,MID,AD,2023,SAMPLE,75,NA
P24,0,0,25301,225437,0,0,0,0,0,0,0,0,0,0,0,0,0,0,981,0,0,0,0,0,0,0,0,0,0,0,0,0,0,0,0,0,0,BLKI,MID,AD,2023,SAMPLE,75,NA
P26,0,0,0,319,0,0,0,0,0,135056,0,0,0,0,0,0,0,0,0,0,0,0,0,0,0,0,0,0,0,0,0,0,0,0,0,0,0,BLKI,MID,AD,2023,SAMPLE,75,NA
P27,0,0,0,70,0,0,0,0,0,165322,0,0,0,0,0,0,0,0,0,0,0,0,0,0,0,0,0,0,0,0,0,0,0,0,0,0,0,BLKI,MID,AD,2023,SAMPLE,75,NA
P28,0,0,1836,1206,86364,0,0,0,0,0,0,0,0,0,0,0,0,0,419,0,0,0,0,0,0,0,0,0,0,0,0,0,0,0,0,0,0,BLKI,MID,AD,2023,SAMPLE,75,NA
P30,0,0,104617,262,0,0,0,0,0,362,0,0,0,0,0,0,0,0,0,0,0,0,0,0,0,0,0,0,0,0,0,0,0,0,0,0,0,BLKI,MID,AD,2023,SAMPLE,75,NA
P35,0,0,0,117,0,0,0,0,0,28325,0,0,0,0,0,0,0,0,0,0,0,0,0,0,0,0,0,0,0,0,0,0,0,0,0,0,0,BLKI,MID,AD,2023,SAMPLE,75,NA
P36,0,0,0,588,2104,0,0,0,0,2268,0,0,0,0,0,0,0,0,0,0,0,0,0,0,0,0,0,0,0,0,0,0,0,0,0,0,0,BLKI,MID,AD,2023,SAMPLE,75,NA
P37,0,0,0,11656,82897,0,0,0,0,80931,0,0,0,0,0,0,0,0,7201,0,0,0,0,0,0,0,0,0,0,0,0,0,0,0,0,0,0,BLKI,MID,AD,2023,SAMPLE,75,NA
P38,0,0,416,1044,20312,0,0,0,0,97057,0,0,0,0,0,0,0,0,0,0,0,0,0,0,0,0,0,0,0,0,0,0,0,0,0,0,0,BLKI,MID,AD,2023,SAMPLE,75,NA
P39,0,0,1247,0,0,0,0,0,0,149201,0,0,0,0,0,0,0,0,0,0,0,0,0,0,0,0,0,0,0,0,0,0,0,0,0,0,0,BLKI,MID,AD,2023,SAMPLE,75,NA
P40,0,0,7199,18758,0,0,0,0,0,21153,0,0,0,0,0,0,0,0,0,0,0,0,0,0,0,0,0,0,0,0,0,0,0,0,0,0,0,BLKI,MID,AD,2023,SAMPLE,75,NA
P41,0,0,42165,3557,0,0,0,0,0,171861,0,0,0,0,0,0,0,0,0,0,0,0,0,0,0,0,0,0,0,0,0,0,0,0,0,0,0,BLKI,MID,AD,2023,SAMPLE,75,NA
P43,0,0,2444,0,0,0,0,0,0,18455,0,0,0,0,0,0,0,0,0,0,0,0,0,0,0,0,0,0,0,0,0,0,0,0,0,0,0,BLKI,MID,AD,2023,SAMPLE,75,NA
P44,0,0,396434,1361,0,0,0,0,0,19410,0,0,0,0,0,0,0,0,0,0,0,0,0,0,0,0,0,0,0,0,0,0,0,0,0,0,0,BLKI,MID,AD,2023,SAMPLE,75,NA
P45,0,0,22200,151555,0,0,0,0,0,0,0,0,0,2892,0,0,0,0,0,0,0,0,0,0,0,0,0,0,0,0,0,0,0,0,0,0,0,BLKI,MID,AD,2023,SAMPLE,75,NA
P46,0,0,37021,85,0,0,0,0,0,196644,0,0,0,0,0,0,0,0,0,0,0,0,0,0,0,0,0,0,0,0,0,0,0,0,0,0,0,BLKI,MID,AD,2023,SAMPLE,75,NA
P47,0,0,9513,5322,104688,0,0,0,0,148914,0,0,0,0,0,0,0,0,0,0,0,0,0,0,0,0,0,0,0,0,0,0,0,0,0,0,0,BLKI,MID,AD,2023,SAMPLE,75,NA
P48,0,0,1062,1947,24536,0,0,0,0,179293,0,0,0,0,0,0,0,0,0,0,0,0,0,0,0,0,0,0,0,0,0,0,0,0,0,0,0,BLKI,MID,AD,2023,SAMPLE,75,NA
P49,0,0,0,0,0,0,0,0,0,167908,0,0,0,0,0,0,0,0,0,0,0,0,0,0,0,0,0,0,0,0,0,0,0,0,0,0,0,BLKI,MID,AD,2023,SAMPLE,75,NA
P51,0,0,270645,19708,0,0,0,0,0,0,0,0,0,0,0,0,0,0,0,0,0,0,0,0,0,0,0,0,0,0,0,0,0,0,0,0,0,BLKI,MID,AD,2023,SAMPLE,75,NA
P52,0,0,2836,0,0,0,0,0,0,467096,0,0,0,0,0,0,0,0,0,0,0,0,0,0,0,0,0,0,0,0,0,0,0,0,0,0,0,BLKI,MID,AD,2023,SAMPLE,75,NA
P53,0,0,3309,0,0,0,0,0,0,1818,0,0,0,0,0,0,0,0,0,0,0,0,0,0,0,0,0,0,0,0,0,0,0,0,0,0,0,BLKI,MID,AD,2023,SAMPLE,75,NA
P55,0,0,1205,9968,127865,0,0,0,0,47587,0,0,0,0,0,0,0,0,0,0,0,0,0,0,0,0,0,0,0,0,0,0,0,0,0,0,0,BLKI,MID,AD,2023,SAMPLE,75,NA
P56,0,0,0,125004,60404,0,0,0,0,5001,0,0,0,0,0,0,0,0,0,0,0,0,0,0,0,0,0,0,0,0,0,0,0,0,0,0,0,BLKI,MID,AD,2023,SAMPLE,75,NA
P57,0,0,70,286135,228,0,0,0,0,11650,0,0,0,0,0,0,0,0,0,0,0,0,0,0,0,0,0,0,0,0,0,0,0,0,0,0,0,BLKI,MID,AD,2023,SAMPLE,75,NA
P58,0,0,0,123588,0,0,0,0,0,0,0,0,0,0,0,0,0,0,0,0,0,0,0,0,0,0,0,0,0,0,0,0,0,0,0,0,0,BLKI,MID,AD,2023,SAMPLE,75,NA
P59,0,0,0,15764,0,0,0,0,0,2013,0,0,0,0,0,0,0,0,0,0,0,0,0,0,0,0,0,0,0,0,0,0,0,0,0,0,0,BLKI,MID,AD,2023,SAMPLE,75,NA
P60,0,0,0,103192,0,0,0,0,0,664,0,0,0,0,0,0,0,0,0,0,0,0,0,0,0,0,0,0,0,0,0,0,0,0,0,0,0,BLKI,MID,AD,2023,SAMPLE,75,NA
P62,0,122,485,163356,0,18453,0,0,0,6,0,0,0,0,0,0,0,0,0,0,0,0,0,0,0,0,0,0,0,0,0,0,0,0,0,0,0,BLKI,MID,AD,2023,SAMPLE,75,NA
P64,0,0,46579,92,0,0,0,0,0,0,0,0,0,0,0,0,0,0,0,0,0,0,0,0,0,0,0,0,0,0,0,0,0,0,0,0,0,BLKI,MID,AD,2023,SAMPLE,75,NA
P66,0,0,0,10712,0,0,0,0,0,0,0,0,0,0,0,0,0,0,0,0,0,0,0,0,0,0,0,0,0,0,0,0,0,0,0,0,0,BLKI,MID,AD,2023,SAMPLE,75,NA
P67,0,0,88249,0,0,0,0,0,0,0,0,0,0,0,0,0,0,0,0,0,0,0,0,0,0,0,0,0,0,0,0,0,0,0,0,0,0,BLKI,MID,AD,2023,SAMPLE,75,NA
P69,0,0,171,179608,0,0,0,0,0,0,0,0,0,0,0,0,0,0,0,0,0,0,0,0,0,0,0,0,0,0,0,0,0,0,0,0,0,BLKI,MID,AD,2023,SAMPLE,75,NA
P70,0,0,177091,2524,0,113,0,0,0,30,0,0,0,0,0,0,0,0,0,0,0,0,0,0,0,0,0,0,0,0,0,0,0,0,0,0,0,BLKI,MID,AD,2023,SAMPLE,75,NA
P71,0,0,84358,6,0,0,0,0,0,6681,0,0,0,0,0,0,0,0,0,0,0,0,0,0,0,0,0,0,0,0,0,0,0,0,0,0,0,BLKI,MID,AD,2023,SAMPLE,75,NA
P74,0,0,219238,0,0,0,0,0,0,0,0,0,0,115520,0,0,0,0,0,0,0,0,0,0,0,0,0,0,0,0,0,0,0,0,0,0,0,BLKI,MID,AD,2023,SAMPLE,75,NA
P77,12,0,1270,0,76,0,0,0,0,0,0,0,0,0,0,0,129,0,0,0,0,0,0,0,0,0,0,0,0,0,0,0,0,0,0,0,0,BLKI,MID,AD,2023,SAMPLE,75,NA
P78,0,0,82424,2,0,0,0,0,0,0,0,0,0,0,0,0,0,0,0,0,0,0,0,0,0,0,0,0,0,0,0,0,0,0,0,0,0,BLKI,MID,AD,2023,SAMPLE,75,NA
P79,0,0,161866,21,0,0,0,0,0,0,0,0,0,0,0,0,0,0,0,0,0,0,0,0,0,0,0,0,0,0,0,0,0,0,0,0,0,BLKI,MID,AD,2023,SAMPLE,75,NA
P80,0,0,338984,6671,0,42,0,0,0,841,0,0,0,0,0,0,0,0,0,0,0,0,0,0,0,0,0,0,0,0,0,0,0,0,0,0,0,BLKI,MID,AD,2023,SAMPLE,75,NA
P81,0,0,155563,567,0,14133,0,0,0,92,0,0,0,12367,0,0,0,0,0,0,0,0,0,0,0,0,0,0,0,0,0,0,0,0,0,0,0,BLKI,MID,AD,2023,SAMPLE,75,NA
P82,0,0,258691,13232,0,0,0,0,0,0,0,0,0,0,0,0,0,0,0,0,0,0,0,0,0,0,0,0,0,0,0,0,0,0,0,0,0,BLKI,MID,AD,2023,SAMPLE,100,NA
P83,0,0,100804,5639,0,400,0,0,1077,0,0,0,43,0,0,0,0,17332,0,0,0,0,0,0,0,0,0,0,0,0,0,0,0,0,0,0,0,BLKI,MID,AD,2023,SAMPLE,100,NA
P84,90216,0,2640,2,658,0,0,0,0,0,0,1683,0,0,0,0,16879,0,0,0,0,0,0,0,0,0,0,0,0,0,0,0,0,0,0,0,0,BLKI,MID,AD,2023,SAMPLE,100,NA
P85,0,0,48681,22279,0,0,0,0,0,0,0,0,0,0,0,0,0,0,0,0,0,0,0,0,0,0,0,0,0,0,0,0,0,0,0,0,0,BLKI,MID,AD,2023,SAMPLE,100,NA
P86,0,0,18055,60,0,0,0,0,0,0,0,0,0,0,0,0,0,0,0,0,0,0,0,0,0,0,0,0,0,0,0,0,0,0,0,0,0,BLKI,MID,AD,2023,SAMPLE,100,NA
P87,0,0,0,2795,0,0,0,0,0,0,0,0,0,0,0,0,0,0,0,0,0,0,0,0,0,0,0,0,0,0,0,0,0,0,0,0,0,BLKI,MID,AD,2023,SAMPLE,100,NA
P88,0,0,279201,0,0,0,0,0,0,0,0,62,0,0,0,0,0,0,0,0,0,0,0,0,0,0,0,0,0,0,0,0,0,0,0,0,0,BLKI,MID,AD,2023,SAMPLE,100,NA
P89,0,0,80021,0,0,0,0,0,0,0,0,0,0,0,0,0,0,0,0,0,0,0,0,0,0,0,0,0,0,0,0,0,0,0,0,0,0,BLKI,MID,AD,2023,SAMPLE,75,NA
P90,0,0,20191,286332,0,47,0,0,126,0,0,0,2,0,0,0,0,2857,0,0,0,0,0,0,0,0,0,0,0,0,0,0,0,0,0,0,0,BLKI,MID,AD,2023,SAMPLE,75,NA
P91,0,0,72763,0,0,0,0,0,0,0,0,0,0,0,0,0,0,0,0,0,0,0,0,0,0,0,0,0,0,0,0,0,0,0,0,0,0,BLKI,MID,AD,2023,SAMPLE,75,NA
P92,0,988,1206,13931,0,1213,0,0,0,0,0,1015,0,0,0,0,0,0,0,0,0,0,0,0,0,0,0,0,0,0,0,0,0,0,0,0,0,BLKI,MID,AD,2023,SAMPLE,75,NA
P93,0,0,74483,0,3653,0,0,0,0,0,0,0,0,0,0,0,0,0,0,0,0,0,0,0,0,0,0,0,0,0,0,0,0,0,0,0,0,BLKI,MID,AD,2023,SAMPLE,76,NA
P94,0,0,127537,0,0,453,0,0,0,0,0,0,0,12283,0,0,0,0,0,0,0,0,0,0,229,0,0,0,0,0,0,0,0,0,0,0,0,BLKI,MID,AD,2023,SAMPLE,76,NA
P99,0,0,239537,0,0,0,0,0,0,0,0,0,0,0,0,0,0,0,0,0,0,0,1936,0,0,0,0,0,0,0,0,0,0,0,0,0,0,BLKI,MID,AD,2023,SAMPLE,76,NA
TUPU-MID-AD-2024-101,0,0,0,0,0,0,0,15573,0,0,0,0,0,0,0,0,0,0,0,0,0,0,0,0,0,0,0,0,0,0,0,0,0,0,0,0,0,TUPU,MID,AD,2024,SAMPLE,99,INC
TUPU-MID-AD-2024-102,0,0,944,0,0,0,0,217419,0,0,0,119,0,0,0,0,0,0,0,0,0,0,0,0,0,0,0,0,0,0,0,0,0,0,0,0,0,TUPU,MID,AD,2024,SAMPLE,99,INC
TUPU-MID-AD-2024-103,0,0,1785,0,0,0,0,0,0,0,0,0,0,0,0,0,0,0,0,0,0,0,0,0,0,0,0,0,0,0,0,0,0,0,0,0,0,TUPU,MID,AD,2024,SAMPLE,99,INC
TUPU-MID-AD-2024-105,0,0,0,0,0,0,0,7111,0,0,0,0,0,0,0,0,0,0,0,0,0,0,0,0,0,0,0,0,0,0,0,0,0,0,0,0,0,TUPU,MID,AD,2024,SAMPLE,99,INC
TUPU-MID-AD-2024-106,0,0,998,0,0,0,0,18488,0,0,0,0,0,0,0,0,0,0,0,0,0,0,0,0,0,0,0,0,0,0,0,0,0,0,0,0,334,TUPU,MID,AD,2024,SAMPLE,99,INC
TUPU-MID-AD-2024-107,0,0,3916,5,0,0,0,28873,0,0,0,1395,0,0,0,0,0,0,0,0,0,0,0,0,0,0,0,0,0,0,0,0,0,0,0,0,0,TUPU,MID,AD,2024,SAMPLE,99,INC
TUPU-MID-AD-2024-108,0,60,1074,0,0,0,0,2963,0,0,0,0,0,0,0,0,0,0,0,0,0,0,0,0,0,0,0,0,0,154,0,0,0,0,0,0,0,TUPU,MID,AD,2024,SAMPLE,99,INC
TUPU-MID-AD-2024-109,0,0,24,0,0,0,0,75365,0,0,0,0,0,0,0,0,0,0,0,0,0,0,0,0,0,0,0,0,0,0,0,0,0,0,0,0,0,TUPU,MID,AD,2024,SAMPLE,99,INC
TUPU-MID-AD-2024-110,0,0,0,0,0,0,0,3676,0,0,0,0,0,0,0,0,0,0,0,0,0,0,0,0,0,0,0,0,0,0,0,0,0,0,0,0,0,TUPU,MID,AD,2024,SAMPLE,99,INC
TUPU-MID-AD-2024-112,0,0,267,0,0,0,0,426,0,0,0,210,0,0,0,0,0,0,0,0,0,0,0,0,0,0,0,0,0,0,0,0,0,0,0,0,0,TUPU,MID,AD,2024,SAMPLE,99,INC
TUPU-MID-AD-2024-113,0,0,0,0,0,0,0,2466,0,0,0,0,0,0,0,0,0,0,0,0,0,0,0,0,0,0,0,0,0,0,0,0,0,0,0,0,0,TUPU,MID,AD,2024,SAMPLE,99,INC
TUPU-MID-AD-2024-114,0,0,0,0,0,0,0,23714,0,0,0,0,0,0,0,0,0,0,0,0,0,0,0,0,0,0,0,0,0,0,0,0,0,0,0,0,0,TUPU,MID,AD,2024,SAMPLE,99,INC
TUPU-MID-AD-2024-117,0,0,126,0,0,0,0,1092,0,0,0,0,0,0,0,0,0,0,0,0,0,0,0,0,0,0,0,0,0,0,0,0,0,0,0,0,0,TUPU,MID,AD,2024,SAMPLE,99,INC
TUPU-MID-AD-2024-119,0,0,0,0,0,0,0,902,0,0,0,0,0,0,0,0,0,0,0,0,0,0,0,0,0,0,0,0,0,0,0,0,0,0,0,0,0,TUPU,MID,AD,2024,SAMPLE,99,INC
TUPU-MID-AD-2024-122,0,0,0,0,0,0,0,610,0,0,0,0,0,0,0,0,0,0,0,0,0,0,0,0,0,0,0,0,0,0,0,0,0,0,0,0,0,TUPU,MID,AD,2024,SAMPLE,99,INC
TUPU-MID-AD-2024-123,0,0,207,0,0,0,0,4660,0,0,0,0,0,0,0,0,0,0,0,0,0,0,0,0,0,0,0,0,0,0,0,0,0,0,0,0,0,TUPU,MID,AD,2024,SAMPLE,99,INC
TUPU-MID-AD-2024-124,0,0,56,0,0,1148,0,29,0,0,0,20,0,0,0,0,0,0,0,0,0,0,0,0,0,0,0,0,0,0,0,0,0,0,0,0,0,TUPU,MID,AD,2024,SAMPLE,99,INC
TUPU-MID-AD-2024-125,0,0,27531,0,0,60,0,1057,0,0,0,49,0,32,0,0,0,0,0,0,0,0,0,0,0,0,97,0,0,0,0,0,0,0,0,0,0,TUPU,MID,AD,2024,SAMPLE,99,INC
TUPU-MID-AD-2024-126,0,0,56,0,0,0,0,21353,0,0,0,0,0,0,0,0,0,0,0,0,0,0,0,0,0,0,0,0,0,0,0,0,0,0,10,0,0,TUPU,MID,AD,2024,SAMPLE,99,INC
TUPU-MID-AD-2024-127,0,0,84,0,0,0,0,1582,0,0,0,0,0,0,0,0,0,0,0,0,0,0,0,0,0,0,0,0,0,0,0,0,0,0,0,0,0,TUPU,MID,AD,2024,SAMPLE,99,INC
TUPU-MID-AD-2024-129,0,0,161524,0,0,0,0,0,0,0,0,0,0,0,0,0,0,0,0,0,0,0,0,0,0,0,0,0,0,0,0,0,0,0,0,0,0,TUPU,MID,AD,2024,SAMPLE,99,INC
TUPU-MID-AD-2024-130,0,0,4286,0,0,0,0,132,0,0,0,0,0,0,0,0,0,0,0,0,0,0,0,0,0,0,0,0,0,0,0,0,0,0,0,0,0,TUPU,MID,AD,2024,SAMPLE,99,INC
TUPU-MID-AD-2024-132,0,0,28,0,0,0,0,251,0,0,0,0,0,0,0,0,0,0,0,0,0,0,0,0,0,0,0,0,0,0,0,0,0,99,0,0,0,TUPU,MID,AD,2024,SAMPLE,99,INC
TUPU-MID-AD-2024-133,0,0,2113,0,0,0,0,49291,0,0,0,0,0,0,0,0,0,0,0,0,0,0,0,0,0,0,0,0,0,0,0,0,0,0,0,0,0,TUPU,MID,AD,2024,SAMPLE,99,INC
TUPU-MID-AD-2024-134,0,0,0,0,0,0,0,43064,0,0,0,209,0,0,0,0,0,0,0,0,0,0,0,0,0,0,0,0,0,0,0,0,0,1223,0,0,0,TUPU,MID,AD,2024,SAMPLE,99,INC
TUPU-MID-AD-2024-135,0,0,0,0,0,0,0,2489,0,0,0,86,0,0,0,0,0,0,0,0,0,0,0,0,0,0,0,0,0,0,0,0,0,0,0,0,0,TUPU,MID,AD,2024,SAMPLE,99,INC
TUPU-MID-AD-2024-136,0,0,0,0,0,0,0,1426,0,0,0,0,0,0,0,0,0,0,0,0,0,0,0,0,0,0,0,0,0,0,0,0,0,0,0,0,0,TUPU,MID,AD,2024,SAMPLE,99,INC
TUPU-MID-AD-2024-137,0,0,0,0,0,0,0,6341,0,0,0,0,0,0,0,0,0,0,0,0,0,0,0,0,0,0,0,0,0,0,0,0,0,0,0,0,0,TUPU,MID,AD,2024,SAMPLE,99,INC
TUPU-MID-AD-2024-139,0,0,161949,0,0,0,72,132,0,0,0,0,113,0,0,0,0,0,0,0,0,0,25,0,0,0,0,0,0,0,0,63,0,17,0,0,0,TUPU,MID,AD,2024,SAMPLE,99,INC
TUPU-MID-AD-2024-141,0,0,0,0,0,0,0,821,0,0,0,0,0,0,0,0,0,0,0,0,0,0,0,0,0,0,0,0,0,0,0,0,0,0,0,0,0,TUPU,MID,AD,2024,SAMPLE,99,INC
TUPU-MID-AD-2024-142,0,0,0,0,0,0,0,10964,0,0,0,1389,0,0,0,0,0,0,0,0,0,0,0,0,0,0,0,0,0,0,0,0,0,0,0,0,0,TUPU,MID,AD,2024,SAMPLE,99,INC
TUPU-MID-AD-2024-143,0,0,298,0,0,110,0,687,0,0,0,6850,0,0,0,0,0,0,0,0,0,0,0,0,0,0,0,0,0,0,0,0,0,0,102,0,0,TUPU,MID,AD,2024,SAMPLE,99,INC
TUPU-MID-AD-2024-144,132,0,0,0,0,0,0,732,0,0,0,55,0,0,0,0,0,0,0,0,0,0,0,0,0,0,0,0,0,0,0,0,0,0,0,0,0,TUPU,MID,AD,2024,SAMPLE,99,INC
TUPU-MID-AD-2024-146,0,0,571,0,0,0,0,641,0,0,0,0,0,0,0,0,0,0,0,0,0,0,0,0,0,0,0,0,0,0,0,0,0,0,0,0,0,TUPU,MID,AD,2024,SAMPLE,99,INC
TUPU-MID-AD-2024-147,0,0,0,0,0,3335,0,0,0,0,0,0,0,0,0,0,0,0,0,0,0,0,0,0,0,0,0,0,0,0,0,0,0,0,0,0,0,TUPU,MID,AD,2024,SAMPLE,99,INC
TUPU-MID-AD-2024-148,0,0,0,0,0,0,0,14407,0,0,0,1432,0,0,0,0,0,0,0,0,0,0,0,0,0,0,0,0,0,0,0,0,0,0,0,0,0,TUPU,MID,AD,2024,SAMPLE,99,INC
TUPU-MID-AD-2024-150,0,0,2683,0,0,53,0,17046,0,0,0,549,0,0,34,0,0,0,0,0,0,0,0,0,0,0,31,0,0,0,0,0,0,0,0,0,0,TUPU,MID,AD,2024,SAMPLE,99,INC
TUPU-MID-AD-2024-151,0,0,114,0,0,0,0,66242,0,0,0,0,0,0,0,0,0,0,0,0,0,0,0,0,0,0,0,0,0,0,0,0,0,0,0,0,0,TUPU,MID,AD,2024,SAMPLE,99,INC
TUPU-MID-AD-2024-152,0,0,0,0,0,0,0,99618,0,0,0,8307,0,0,0,0,0,0,0,0,0,0,0,0,0,0,0,0,0,0,0,0,0,0,0,0,0,TUPU,MID,AD,2024,SAMPLE,99,INC
TUPU-MID-AD-2024-153,0,0,0,0,0,0,0,11550,0,0,0,4739,0,0,0,0,0,0,0,0,0,0,0,0,0,0,0,0,0,0,0,0,0,0,0,0,0,TUPU,MID,AD,2024,SAMPLE,99,INC
TUPU-MID-AD-2024-154,0,0,2455,0,0,8579,0,5942,0,0,0,29452,0,0,0,0,0,0,0,0,0,0,0,0,0,0,0,0,0,0,0,0,0,0,0,0,0,TUPU,MID,AD,2024,SAMPLE,99,INC
TUPU-MID-AD-2024-156,0,0,337,0,0,5,0,37263,0,0,0,57,0,0,0,0,0,0,0,0,0,0,0,0,0,0,0,0,0,0,0,0,0,0,0,0,0,TUPU,MID,AD,2024,SAMPLE,99,INC
TUPU-MID-AD-2024-157,0,0,318,0,0,91140,0,179364,0,0,0,53792,0,0,0,0,3,0,0,0,0,0,0,0,0,0,0,0,0,0,0,0,0,0,0,0,0,TUPU,MID,AD,2024,SAMPLE,99,INC
TUPU-MID-AD-2024-158,0,0,836,0,0,7297,0,10435,0,0,0,74864,0,0,0,0,0,0,0,0,0,0,0,0,0,0,0,0,0,1821,0,0,0,0,0,0,0,TUPU,MID,AD,2024,SAMPLE,100,INC
TUPU-MID-AD-2024-159,0,0,0,0,0,524,0,547,0,0,0,1932,0,0,0,0,0,0,0,0,0,0,0,0,0,0,0,0,0,0,0,0,0,0,0,0,0,TUPU,MID,AD,2024,SAMPLE,100,INC
TUPU-MID-AD-2024-160,0,0,0,0,0,0,0,3549,0,0,0,7899,0,0,0,0,0,0,0,0,0,0,0,0,0,0,0,0,0,0,0,0,0,0,0,0,0,TUPU,MID,AD,2024,SAMPLE,100,INC
TUPU-MID-AD-2024-161,0,0,0,0,899,1606,0,13347,0,0,0,22931,0,0,0,0,0,0,0,0,0,0,0,0,0,0,0,0,0,0,0,0,0,0,0,0,0,TUPU,MID,AD,2024,SAMPLE,100,INC
TUPU-MID-AD-2024-163,0,0,1522,0,0,0,0,0,0,0,0,0,0,0,0,0,0,0,0,0,0,0,0,0,0,0,0,0,0,0,0,0,0,0,0,0,0,TUPU,MID,AD,2024,SAMPLE,100,INC
TUPU-MID-AD-2024-166,0,0,37013,36,0,79548,0,0,0,39,0,17798,0,0,0,0,0,0,0,0,0,0,0,0,0,0,0,0,0,0,0,0,0,0,0,0,0,TUPU,MID,AD,2024,SAMPLE,100,CHR
TUPU-MID-AD-2024-167,0,0,0,25247,0,54697,0,0,0,0,0,64782,0,0,0,0,0,0,0,0,0,0,0,0,0,0,0,0,0,0,0,0,0,0,0,0,0,TUPU,MID,AD,2024,SAMPLE,100,CHR
TUPU-MID-AD-2024-168,0,0,0,0,0,6748,0,72105,0,0,0,7541,0,0,0,0,0,0,0,0,0,0,0,0,0,0,0,0,0,0,0,0,0,0,0,0,0,TUPU,MID,AD,2024,SAMPLE,100,CHR
TUPU-MID-AD-2024-169,0,0,12980,0,0,68893,0,12095,0,59,0,91720,0,0,0,0,0,0,0,0,0,151,0,0,0,0,0,0,0,0,0,0,0,0,0,0,0,TUPU,MID,AD,2024,SAMPLE,100,CHR
TUPU-MID-AD-2024-171,0,0,65,0,0,106,0,7448,0,0,0,2093,0,0,0,0,0,43,0,0,0,0,0,0,0,0,0,0,0,0,0,0,0,0,0,0,0,TUPU,MID,AD,2024,SAMPLE,109,CHR
TUPU-MID-AD-2024-172,0,0,86,0,0,1519,0,0,0,0,0,9724,0,0,0,0,140,0,0,0,0,0,0,0,0,0,0,0,0,0,0,0,0,0,0,0,0,TUPU,MID,AD,2024,SAMPLE,109,CHR
TUPU-MID-AD-2024-176,0,0,0,0,0,7305,0,0,7,0,0,3519,0,0,0,0,0,0,0,0,0,0,0,0,0,0,0,0,0,0,0,0,0,0,0,0,0,TUPU,MID,AD,2024,SAMPLE,109,CHR
TUPU-MID-AD-2024-178,0,0,673,0,0,5651,0,2055,0,0,0,8175,0,0,0,0,0,0,0,0,0,0,0,0,0,0,0,0,0,0,0,0,0,0,0,0,0,TUPU,MID,AD,2024,SAMPLE,109,CHR
TUPU-MID-AD-2024-179,0,0,9947,17,0,4053,0,549,0,0,0,1512,0,0,0,0,0,0,0,0,0,0,0,0,0,0,22,0,28,32,0,0,0,0,0,0,0,TUPU,MID,AD,2024,SAMPLE,109,CHR
TUPU-MID-AD-2024-180,33,0,478,8,0,2742,0,6416,0,0,0,3487,0,0,0,0,0,0,0,0,0,16,0,0,0,0,0,0,114,0,0,0,4,0,0,0,0,TUPU,MID,AD,2024,SAMPLE,109,CHR
TUPU-MID-AD-2024-181,0,0,1220,6,0,1010,0,9857,0,0,0,555,0,0,0,0,0,0,0,0,0,54,0,0,0,0,0,0,0,0,0,0,0,0,0,0,0,TUPU,MID,AD,2024,SAMPLE,109,CHR
TUPU-MID-AD-2024-182,0,0,1859,0,0,11370,0,161,0,0,0,2831,0,0,0,0,0,0,0,0,0,24,0,0,0,0,0,0,14,0,0,0,0,0,0,0,0,TUPU,MID,AD,2024,SAMPLE,109,CHR
TUPU-MID-AD-2024-183,0,0,16368,0,0,0,0,0,0,0,0,0,0,0,0,0,0,0,0,0,0,0,0,0,0,0,0,0,0,0,0,0,0,0,0,0,0,TUPU,MID,AD,2024,SAMPLE,109,CHR
TUPU-MID-AD-2024-184,0,0,0,14,0,1474,0,0,0,0,0,13359,0,0,0,0,0,0,0,0,0,0,0,0,0,0,0,0,0,0,0,0,0,0,0,0,0,TUPU,MID,AD,2024,SAMPLE,109,CHR
TUPU-MID-AD-2024-185,0,0,69336,0,0,6583,0,19719,0,0,0,9489,0,0,0,0,0,0,0,0,0,0,0,0,0,0,0,0,0,0,0,0,0,0,0,0,0,TUPU,MID,AD,2024,SAMPLE,100,CHR
TUPU-MID-AD-2024-186,0,0,205,254,0,3905,0,0,0,0,0,20218,0,0,0,0,0,0,0,0,0,0,0,0,0,0,0,0,0,0,0,0,0,0,0,0,0,TUPU,MID,AD,2024,SAMPLE,100,CHR
TUPU-MID-AD-2024-187,0,0,50125,3,0,23940,0,111341,0,0,0,56761,0,0,0,0,0,0,0,0,0,0,0,0,0,0,0,0,0,0,0,0,0,0,0,0,0,TUPU,MID,AD,2024,SAMPLE,100,CHR
TUPU-MID-AD-2024-189,0,0,573,16,0,134987,0,0,0,0,0,8860,0,0,0,0,0,0,0,0,0,0,0,0,0,0,0,0,0,0,0,0,0,0,0,0,0,TUPU,MID,AD,2024,SAMPLE,100,CHR
TUPU-MID-AD-2024-190,0,0,0,0,0,0,0,0,0,0,0,662,0,0,0,0,0,0,0,0,0,0,0,0,0,0,0,0,0,0,0,0,0,0,0,0,0,TUPU,MID,AD,2024,SAMPLE,100,CHR
TUPU-MID-AD-2024-191,0,0,12238,0,0,179561,0,68624,0,0,0,33037,0,0,0,0,0,0,0,0,0,0,0,0,0,0,138,0,0,0,0,0,0,0,0,0,0,TUPU,MID,AD,2024,SAMPLE,100,CHR
TUPU-MID-AD-2024-192,0,0,0,0,0,13559,0,68672,0,0,0,1777,0,0,0,0,0,0,0,0,0,0,0,0,0,0,0,0,0,0,0,0,0,0,0,0,0,TUPU,MID,AD,2024,SAMPLE,100,CHR
TUPU-MID-AD-2024-193,0,0,72408,6,19954,129149,0,850,0,0,0,11826,0,0,0,0,0,0,0,0,0,0,0,0,0,0,0,0,0,0,0,0,0,0,0,0,0,TUPU,MID,AD,2024,SAMPLE,100,CHR
TUPU-MID-AD-2024-194,0,0,10758,0,6,0,0,0,268075,0,0,0,0,0,0,0,0,0,0,0,0,0,0,0,0,0,0,0,0,0,0,0,0,0,0,0,0,TUPU,MID,AD,2024,SAMPLE,100,CHR
TUPU-MID-AD-2024-195,0,0,1853,0,0,127,135310,11,0,0,0,279,0,0,0,0,0,16,0,0,0,0,0,0,0,0,0,0,0,0,0,0,0,0,0,0,0,TUPU,MID,AD,2024,SAMPLE,100,CHR
TUPU-MID-AD-2024-196,0,0,14915,0,0,3290,0,3360,0,0,0,5156,0,0,0,0,0,0,0,0,0,0,0,0,0,0,0,0,0,0,0,0,0,0,0,0,0,TUPU,MID,AD,2024,SAMPLE,100,CHR
TUPU-MID-AD-2024-197,0,0,0,130296,0,0,0,0,0,0,0,0,0,0,0,0,0,0,0,0,0,0,0,0,0,0,487,0,0,0,0,0,0,0,0,0,0,TUPU,MID,AD,2024,SAMPLE,100,CHR
TUPU-MID-AD-2024-198,0,0,92863,127215,0,0,0,0,0,0,0,0,0,0,0,0,0,0,0,0,0,0,0,0,0,0,107,0,277,0,0,0,0,0,0,0,0,TUPU,MID,AD,2024,SAMPLE,100,CHR
TUPU-MID-AD-2024-199,0,0,511,0,0,169935,0,79077,0,0,0,0,0,0,0,0,0,0,0,0,0,0,0,0,0,0,39,0,0,0,0,0,0,0,0,0,0,TUPU,MID,AD,2024,SAMPLE,100,CHR
TUPU-MID-AD-2024-200,0,0,136212,0,0,10293,0,2802,0,0,0,0,0,0,0,0,0,0,0,0,0,0,0,0,0,0,0,0,0,0,0,0,0,0,0,0,0,TUPU,MID,AD,2024,SAMPLE,100,CHR
TUPU-MID-AD-2024-201,261,0,487,15,0,90403,0,45915,0,0,0,62863,0,0,0,0,0,0,0,0,0,0,0,0,0,0,55,0,0,654,0,0,91,0,0,0,0,TUPU,MID,AD,2024,SAMPLE,100,CHR
TUPU-MID-AD-2024-202,0,0,0,844,0,74124,0,0,0,0,0,218194,0,0,0,0,0,0,0,0,0,0,0,0,0,0,0,0,0,0,0,0,0,0,0,0,0,TUPU,MID,AD,2024,SAMPLE,100,CHR
TUPU-MID-AD-2024-203,0,0,0,0,0,4433,0,45500,0,0,0,6077,0,0,0,0,0,0,0,0,0,0,0,0,0,0,0,0,0,0,0,0,0,0,0,0,0,TUPU,MID,AD,2024,SAMPLE,100,CHR
TUPU-MID-AD-2024-204,0,0,0,0,0,0,0,1853,0,0,0,12637,0,0,0,0,0,0,0,0,0,0,0,0,0,0,0,0,0,0,0,0,0,0,0,0,0,TUPU,MID,AD,2024,SAMPLE,100,CHR
TUPU-MID-AD-2024-210,0,0,0,0,0,40329,0,8287,0,0,0,17576,0,0,0,0,0,0,0,0,0,0,0,0,0,0,0,0,0,0,0,0,0,0,0,0,0,TUPU,MID,AD,2024,SAMPLE,100,CHR
TUPU-MID-AD-2024-212,0,0,42830,0,0,43042,0,111,0,0,0,78272,0,0,0,0,0,0,0,0,0,0,0,0,0,0,0,0,0,0,0,0,0,0,0,0,0,TUPU,MID,AD,2024,SAMPLE,101,CHR
TUPU-MID-AD-2024-215,0,0,966,5,0,447,0,0,0,0,0,639,0,0,0,0,0,0,0,0,0,0,0,9,0,0,0,0,0,0,0,0,0,0,0,0,0,TUPU,MID,AD,2024,SAMPLE,101,CHR
TUPU-MID-AD-2024-217,0,0,163766,0,0,0,0,0,0,0,0,0,0,0,0,0,0,0,0,0,0,0,0,0,0,0,0,0,0,0,0,0,0,0,0,0,0,TUPU,MID,AD,2024,SAMPLE,101,CHR
TUPU-MID-AD-2024-218,0,0,31715,106,0,3653,0,0,0,0,0,2130,0,0,0,0,0,0,0,0,0,0,0,0,0,0,0,0,448,0,0,0,0,0,0,0,0,TUPU,MID,AD,2024,SAMPLE,101,CHR
TUPU-MID-AD-2024-219,0,0,17787,119,0,62601,0,18738,0,0,0,29909,0,0,41,0,0,0,0,7,0,154,0,0,0,0,5,0,222,0,0,0,0,0,0,0,0,TUPU,MID,AD,2024,SAMPLE,101,CHR
TUPU-MID-AD-2024-220,123,0,121794,0,0,32,0,3098,0,0,0,48226,0,0,0,0,0,163,0,0,0,0,0,0,0,0,0,0,0,0,0,0,0,0,0,0,0,TUPU,MID,AD,2024,SAMPLE,101,CHR
TUPU-MID-AD-2024-221,0,0,0,0,0,131076,0,1420,0,0,0,3042,0,0,0,0,0,0,0,0,0,0,0,0,0,0,0,0,0,0,0,0,0,0,0,0,0,TUPU,MID,AD,2024,SAMPLE,101,CHR
TUPU-MID-AD-2024-222,0,0,29,0,0,648,0,1616,0,0,0,256,0,0,0,0,0,0,0,0,0,0,0,0,0,0,0,0,0,0,0,0,0,0,0,0,0,TUPU,MID,AD,2024,SAMPLE,101,CHR
TUPU-MID-AD-2024-223,7,0,50237,40,0,36747,0,6,0,0,0,6983,0,0,0,0,0,0,0,0,0,14,0,0,0,0,136,0,53,0,0,0,0,0,0,0,0,TUPU,MID,AD,2024,SAMPLE,101,CHR
TUPU-MID-AD-2024-224,0,0,4096,0,0,3169,0,0,0,0,0,3719,0,0,0,0,0,0,0,0,0,0,0,0,0,0,0,0,0,0,0,0,0,0,0,0,0,TUPU,MID,AD,2024,SAMPLE,101,CHR
TUPU-MID-AD-2024-225,0,0,238,0,0,31939,0,732,0,0,0,3462,0,0,0,0,0,0,0,0,0,0,0,0,0,0,22,56,0,0,0,0,0,8,0,0,0,TUPU,MID,AD,2024,SAMPLE,101,CHR
TUPU-MID-AD-2024-226,11,0,89374,55,0,0,0,18,0,0,0,59,0,0,0,0,0,0,0,0,0,0,0,0,0,0,0,0,0,0,0,0,0,0,0,0,0,TUPU,MID,AD,2024,SAMPLE,101,CHR
TUPU-MID-AD-2024-227,0,0,18362,0,0,0,0,0,0,0,0,195,0,0,0,0,0,0,0,0,0,0,0,0,0,0,0,0,0,0,0,0,0,0,0,0,0,TUPU,MID,AD,2024,SAMPLE,101,CHR
TUPU-MID-AD-2024-228,0,0,3737,5670,0,128654,0,691,0,0,0,1000,0,0,0,0,0,7,0,0,0,0,0,0,0,0,0,0,0,0,0,0,0,0,0,0,0,TUPU,MID,AD,2024,SAMPLE,101,CHR
TUPU-MID-AD-2024-229,0,0,0,0,0,0,0,17,0,0,0,1125,0,0,0,0,0,0,0,0,0,0,0,0,0,0,0,0,0,0,0,0,0,0,0,0,0,TUPU,MID,AD,2024,SAMPLE,101,CHR
TUPU-MID-AD-2024-230,0,0,122690,0,0,3520,0,0,0,0,0,0,0,0,0,0,0,0,0,0,0,0,0,9678,0,0,0,0,0,0,0,0,0,0,0,0,0,TUPU,MID,AD,2024,SAMPLE,101,CHR
TUPU-MID-AD-2024-231,0,0,0,0,0,113081,0,0,0,0,0,0,0,0,0,0,0,0,0,0,0,0,0,0,0,0,0,0,0,0,0,0,0,0,0,0,0,TUPU,MID,AD,2024,SAMPLE,101,CHR
TUPU-MID-AD-2024-232,0,0,71808,0,0,0,0,0,0,0,0,0,0,0,0,0,0,0,0,0,0,0,0,0,0,0,0,0,0,0,0,0,0,0,0,0,0,TUPU,MID,AD,2024,SAMPLE,101,CHR
TUPU-MID-AD-2024-233,0,0,85530,0,0,0,0,0,0,0,0,0,0,0,0,0,0,0,0,0,0,0,0,0,0,0,0,0,0,0,0,0,0,0,0,0,0,TUPU,MID,AD,2024,SAMPLE,101,CHR
TUPU-MID-AD-2024-234,0,0,0,0,0,12193,0,158,0,0,0,0,0,0,0,0,0,0,0,0,0,0,0,0,0,0,0,0,0,0,0,0,0,0,0,0,0,TUPU,MID,AD,2024,SAMPLE,101,CHR
TUPU-MID-AD-2024-235,764,0,3163,0,0,121,0,52278,0,0,0,21,0,0,0,0,0,0,0,0,0,0,0,0,0,0,61,0,0,0,0,0,0,0,0,0,0,TUPU,MID,AD,2024,SAMPLE,101,CHR
TUPU-MID-AD-2024-237,0,0,313,0,0,123125,0,0,0,0,0,27072,0,0,0,0,0,0,0,0,0,0,0,0,0,0,0,0,0,0,0,0,0,0,0,0,0,TUPU,MID,AD,2024,SAMPLE,101,CHR
TUPU-MID-AD-2024-238,148,0,1806,2,0,169,0,92044,0,0,0,0,0,0,0,0,0,0,0,0,0,0,0,0,0,0,0,0,0,0,0,0,0,0,0,0,0,TUPU,MID,AD,2024,SAMPLE,101,CHR
TUPU-MID-AD-2024-239,0,0,35956,9,0,19538,0,6,0,0,0,6,0,0,0,0,0,0,0,0,0,0,0,0,0,0,0,0,0,0,0,0,0,0,0,0,0,TUPU,MID,AD,2024,SAMPLE,101,CHR
TUPU-MID-AD-2024-240,0,0,89120,0,0,0,0,65,0,0,0,58,0,0,0,0,0,0,0,0,0,0,0,0,0,0,0,0,0,0,0,0,0,0,0,0,0,TUPU,MID,AD,2024,SAMPLE,101,CHR
TUPU-MID-AD-2024-242,0,0,9647,0,0,127861,0,33808,0,0,0,11116,0,0,0,0,0,0,0,0,0,0,0,0,0,0,0,0,0,0,0,0,0,0,0,0,0,TUPU,MID,AD,2024,SAMPLE,101,CHR
TUPU-MID-AD-2024-245,0,0,0,0,0,13137,0,0,0,0,0,0,0,0,0,0,0,0,0,0,0,0,0,0,0,0,0,0,0,0,0,0,0,0,0,0,0,TUPU,MID,AD,2024,SAMPLE,101,CHR
TUPU-MID-AD-2024-246,0,0,453,0,0,0,0,0,0,0,0,0,0,0,0,0,0,0,0,0,0,0,0,0,0,0,0,0,0,0,0,0,0,0,0,0,0,TUPU,MID,AD,2024,SAMPLE,101,CHR
TUPU-MID-AD-2024-247,0,0,115152,0,0,136,0,2,0,0,0,0,0,0,0,0,0,0,0,0,0,0,0,0,0,0,12717,0,0,0,0,0,0,0,0,0,0,TUPU,MID,AD,2024,SAMPLE,101,CHR
TUPU-MID-AD-2024-248,0,0,0,0,0,41458,0,1659,0,0,0,0,0,0,0,0,0,0,0,0,0,0,0,0,0,0,0,0,0,0,969,0,0,0,0,0,0,TUPU,MID,AD,2024,SAMPLE,101,CHR
TUPU-MID-AD-2024-250,0,0,20253,0,0,81038,0,0,0,0,0,0,0,0,0,0,0,0,0,0,0,0,0,0,0,0,0,0,0,0,0,0,0,0,0,0,0,TUPU,MID,AD,2024,SAMPLE,101,CHR
TUPU-MID-AD-2024-251,0,0,710,1796,0,179848,0,461,0,0,0,13683,0,0,0,0,0,0,0,0,0,0,0,0,0,0,0,0,0,0,0,0,0,0,0,0,0,TUPU,MID,AD,2024,SAMPLE,101,CHR
TUPU-MID-AD-2024-252,0,0,0,0,0,94362,0,0,0,0,0,0,0,0,0,0,0,0,0,0,0,0,0,0,0,0,0,0,0,0,0,0,0,0,0,0,0,TUPU,MID,AD,2024,SAMPLE,101,CHR
TUPU-MID-AD-2024-254,0,0,28947,0,0,5689,0,0,0,0,0,0,0,0,0,0,0,0,0,0,0,0,0,0,0,0,0,0,0,0,0,0,0,0,0,0,0,TUPU,MID,AD,2024,SAMPLE,101,CHR
TUPU-MID-AD-2024-255,0,0,0,0,0,116363,0,6095,0,0,0,0,0,0,0,0,0,0,0,0,0,0,0,0,0,0,0,0,0,0,0,0,0,0,0,0,0,TUPU,MID,AD,2024,SAMPLE,101,CHR
TUPU-MID-AD-2024-256,0,0,72138,0,0,3420,9554,0,0,0,0,0,0,0,0,0,0,0,0,0,0,0,0,0,0,0,0,0,0,0,0,0,0,0,0,0,0,TUPU,MID,AD,2024,SAMPLE,101,CHR
TUPU-MID-AD-2024-257,0,0,0,0,0,58604,0,486,0,0,0,3554,0,0,0,0,0,0,0,0,0,0,0,0,0,0,0,0,0,0,0,0,0,0,0,0,0,TUPU,MID,AD,2024,SAMPLE,101,CHR
TUPU-MID-AD-2024-258,0,0,44221,0,0,21711,0,12902,0,0,0,0,0,0,0,0,0,0,0,0,0,0,0,0,0,0,0,0,0,0,0,0,0,0,0,0,0,TUPU,MID,AD,2024,SAMPLE,101,CHR
TUPU-MID-AD-2024-259,0,0,123243,0,8,660,0,150,0,0,0,25,0,0,0,0,0,0,0,0,0,0,0,0,0,0,0,0,0,0,0,0,0,0,0,0,0,TUPU,MID,AD,2024,SAMPLE,101,CHR
TUPU-MID-AD-2024-261,0,0,3,0,0,79672,0,0,0,0,0,48,0,0,0,0,0,0,0,0,0,0,0,0,0,0,0,0,0,0,0,0,0,0,0,0,0,TUPU,MID,AD,2024,SAMPLE,101,CHR
TUPU-MID-AD-2024-262,0,0,0,0,0,17979,103690,0,0,0,0,0,0,0,0,0,0,19,0,0,0,0,0,0,0,0,0,0,0,0,0,0,0,0,0,0,0,TUPU,MID,AD,2024,SAMPLE,101,CHR
TUPU-MID-AD-2024-263,0,0,1789,3,0,132567,0,0,0,0,0,271,0,0,0,0,0,0,0,0,0,0,0,0,0,0,0,0,0,0,0,0,0,0,0,0,0,TUPU,MID,AD,2024,SAMPLE,101,CHR
TUPU-MID-AD-2024-264,0,0,120262,0,0,93593,0,0,0,0,0,0,0,0,0,0,0,0,0,3936,0,0,0,0,0,0,0,0,0,0,0,0,0,0,0,0,0,TUPU,MID,AD,2024,SAMPLE,101,CHR
TUPU-MID-AD-2024-266,0,0,0,86,0,236850,0,380,0,0,0,63,0,0,0,0,0,0,0,0,0,0,0,0,0,0,0,0,0,0,0,0,0,0,0,0,0,TUPU,MID,AD,2024,SAMPLE,101,CHR
TUPU-MID-AD-2024-267,0,0,60131,0,0,2823,0,0,0,0,0,8749,0,0,0,0,0,0,0,0,0,0,0,0,0,0,0,0,0,0,0,0,0,0,0,0,0,TUPU,MID,AD,2024,SAMPLE,101,CHR
TUPU-MID-AD-2024-268,0,0,4646,0,0,2544,0,0,0,0,0,28,0,0,0,0,0,0,0,0,0,0,0,0,0,0,0,0,0,0,0,0,0,0,0,0,0,TUPU,MID,AD,2024,SAMPLE,101,CHR
TUPU-MID-AD-2024-269,0,0,21,0,0,138614,0,0,0,0,0,0,0,0,0,0,0,0,0,0,0,0,0,0,0,0,0,0,0,0,0,0,0,0,0,0,0,TUPU,MID,AD,2024,SAMPLE,101,CHR
TUPU-MID-AD-2024-270,0,0,5,8,0,176568,0,0,0,30,0,14962,0,0,0,0,0,0,0,0,0,0,0,0,0,0,0,0,0,0,0,0,0,0,0,0,0,TUPU,MID,AD,2024,SAMPLE,101,CHR
TUPU-MID-AD-2024-271,0,0,148961,0,0,1510,0,0,0,0,0,0,0,0,0,0,0,0,0,0,0,0,0,0,0,0,0,0,0,0,0,0,0,0,0,0,0,TUPU,MID,AD,2024,SAMPLE,102,CHR
TUPU-MID-AD-2024-272,0,0,422,0,0,122253,0,31733,0,0,0,32075,0,0,0,0,0,0,0,0,0,0,0,0,0,0,0,0,0,0,0,0,0,0,0,0,0,TUPU,MID,AD,2024,SAMPLE,102,CHR
TUPU-MID-AD-2024-273,0,0,154848,0,0,188031,75,0,0,0,0,0,0,0,0,0,0,0,0,2,0,0,0,0,0,0,0,0,0,0,0,0,0,0,0,0,0,TUPU,MID,AD,2024,SAMPLE,102,CHR
TUPU-MID-AD-2024-275,0,0,13472,0,5115,65554,0,0,0,0,0,18,0,0,0,0,0,0,0,0,0,0,0,0,0,0,0,0,0,0,0,0,0,0,0,0,0,TUPU,MID,AD,2024,SAMPLE,102,CHR
TUPU-MID-AD-2024-281,0,0,0,0,0,341498,0,0,0,0,0,19761,0,0,0,0,0,0,0,0,0,0,0,0,0,0,0,0,0,0,0,0,0,0,0,0,0,TUPU,MID,AD,2024,SAMPLE,102,CHR
TUPU-MID-AD-2024-282,0,0,3518,0,0,0,0,0,0,0,0,0,0,0,0,0,0,0,0,0,0,0,0,0,0,0,0,0,0,0,0,0,0,0,0,0,0,TUPU,MID,AD,2024,SAMPLE,102,CHR
TUPU-MID-AD-2024-284,0,0,167601,0,0,3549,0,0,0,0,0,239,0,0,0,0,0,0,0,0,0,0,0,0,0,0,0,0,0,0,0,0,0,0,0,0,0,TUPU,MID,AD,2024,SAMPLE,102,CHR
TUPU-MID-AD-2024-285,0,0,0,0,0,11822,0,2226,0,0,0,1397,0,0,0,0,0,0,0,0,0,0,0,0,0,0,0,0,0,0,0,0,0,0,0,0,0,TUPU,MID,AD,2024,SAMPLE,102,CHR
TUPU-MID-AD-2024-286,0,0,157686,0,0,21782,0,0,0,0,0,395351,0,0,0,0,0,0,0,0,0,0,0,0,0,0,0,0,0,0,0,0,0,0,0,0,0,TUPU,MID,AD,2024,SAMPLE,102,CHR
TUPU-MID-AD-2024-287,0,0,36102,26642,23324,298283,0,0,0,0,0,49799,0,0,0,0,0,0,0,0,0,0,0,0,0,0,0,0,0,0,0,0,0,0,0,0,0,TUPU,MID,AD,2024,SAMPLE,102,CHR
TUPU-MID-AD-2024-289,0,0,0,0,0,148683,0,0,0,0,0,0,0,0,0,0,0,0,0,0,0,0,0,0,0,0,0,0,0,0,0,0,0,0,0,0,0,TUPU,MID,AD,2024,SAMPLE,102,CHR
TUPU-MID-CH-2024-165,0,0,13834,0,0,47135,0,0,0,0,0,73668,0,0,0,0,0,0,0,0,0,0,0,0,0,0,0,0,0,0,0,0,0,0,0,0,0,TUPU,MID,CH,2024,SAMPLE,100,CHR
TUPU-MID-CH-2024-174,0,0,0,0,0,15159,0,192,0,0,0,0,0,0,0,0,0,0,0,0,0,0,0,0,0,0,0,0,0,0,0,0,0,0,0,0,0,TUPU,MID,CH,2024,SAMPLE,109,CHR
TUPU-MID-CH-2024-175,0,0,0,0,0,7775,0,0,0,0,0,0,0,0,0,0,0,0,0,0,0,0,0,0,0,0,0,0,0,0,0,0,0,0,0,0,0,TUPU,MID,CH,2024,SAMPLE,109,CHR
TUPU-MID-CH-2024-205,0,0,76,70,5,9,0,0,0,0,0,187196,0,0,0,0,0,0,0,0,0,0,0,0,0,0,0,0,0,0,0,0,0,0,0,0,0,TUPU,MID,CH,2024,SAMPLE,100,CHR
TUPU-MID-CH-2024-206,0,0,60976,10928,0,45237,607,0,0,0,0,72929,0,0,0,0,0,88,0,0,0,0,0,0,0,0,0,0,0,0,0,0,0,0,0,0,0,TUPU,MID,CH,2024,SAMPLE,100,CHR
TUPU-MID-CH-2024-207,0,0,336,87373,0,115234,0,0,0,0,0,85317,0,0,0,0,0,18,0,0,0,0,0,0,0,0,0,0,0,0,0,0,0,0,0,0,0,TUPU,MID,CH,2024,SAMPLE,100,CHR
TUPU-MID-CH-2024-208,0,0,1669,103922,0,0,0,0,1008,0,0,0,0,0,0,0,0,0,0,0,0,0,0,0,0,0,0,0,168,0,0,0,0,0,0,0,0,TUPU,MID,CH,2024,SAMPLE,100,CHR
TUPU-MID-CH-2024-209,0,0,123586,0,0,4900,0,0,0,0,0,0,0,0,0,0,0,0,0,0,0,0,0,0,0,0,0,0,0,0,0,0,0,0,0,0,0,TUPU,MID,CH,2024,SAMPLE,100,CHR
TUPU-MID-CH-2024-211,0,0,2343,0,0,0,0,0,0,0,0,0,0,0,0,0,0,0,0,0,0,0,0,0,0,0,0,0,0,0,0,0,0,0,0,0,0,TUPU,MID,CH,2024,SAMPLE,100,CHR
TUPU-MID-CH-2024-213,0,0,47,0,0,75381,4,0,0,0,0,0,0,0,0,0,0,0,0,0,0,0,0,0,0,0,0,0,0,0,0,0,0,0,0,0,0,TUPU,MID,CH,2024,SAMPLE,101,CHR
TUPU-MID-CH-2024-214,0,0,0,0,0,67602,0,164,0,0,0,1687,0,0,0,0,0,0,0,0,0,0,0,0,0,0,0,0,0,0,0,0,0,0,0,0,0,TUPU,MID,CH,2024,SAMPLE,101,CHR
TUPU-MID-CH-2024-241,0,0,77,128,11,161484,71,5,0,0,0,40,0,0,0,0,0,0,0,0,0,0,0,0,0,0,0,0,0,0,0,0,0,0,0,0,0,TUPU,MID,CH,2024,SAMPLE,101,CHR
TUPU-MID-CH-2024-243,0,0,8,0,0,1798,0,35,0,0,0,0,0,0,0,0,0,0,0,0,0,0,0,0,0,0,0,0,0,0,0,0,0,0,0,0,0,TUPU,MID,CH,2024,SAMPLE,101,CHR
TUPU-MID-CH-2024-244,0,0,3,0,0,32285,0,0,0,0,0,0,0,0,0,0,0,0,0,0,0,0,0,0,0,0,0,0,0,0,0,0,0,0,0,0,0,TUPU,MID,CH,2024,SAMPLE,101,CHR
TUPU-MID-CH-2024-249,0,0,0,0,0,70220,0,0,0,0,0,0,0,0,0,0,0,0,0,0,0,0,0,0,0,0,0,0,0,0,0,0,0,0,0,0,0,TUPU,MID,CH,2024,SAMPLE,101,CHR
TUPU-MID-CH-2024-253,0,0,6098,0,0,54471,0,0,0,0,0,11,0,0,0,0,0,0,0,0,0,0,0,0,0,0,0,0,0,0,0,0,0,0,0,0,0,TUPU,MID,CH,2024,SAMPLE,101,CHR
TUPU-MID-CH-2024-260,0,0,51,0,0,165841,0,0,0,0,0,48,0,0,0,0,0,0,0,0,0,0,0,0,0,0,0,0,0,0,0,0,0,0,0,0,0,TUPU,MID,CH,2024,SAMPLE,101,CHR
TUPU-MID-CH-2024-265,0,0,127957,0,0,13776,0,0,0,0,0,0,0,0,0,0,0,0,0,0,0,0,0,0,0,0,0,0,0,0,0,0,0,0,0,0,0,TUPU,MID,CH,2024,SAMPLE,101,CHR
TUPU-MID-CH-2024-274,0,0,0,32131,0,10094,0,0,0,0,0,65483,0,0,0,0,0,0,0,0,0,0,0,0,0,0,0,0,0,0,0,0,0,0,0,0,0,TUPU,MID,CH,2024,SAMPLE,102,CHR
TUPU-MID-CH-2024-276,0,0,193128,165,0,375831,15,0,0,0,0,3973,0,0,0,0,0,0,0,0,0,0,0,0,0,0,0,0,0,0,0,0,0,0,0,0,0,TUPU,MID,CH,2024,SAMPLE,102,CHR
TUPU-MID-CH-2024-277,0,0,7557,55242,0,347192,0,0,0,0,0,20402,0,0,0,0,0,0,0,0,0,0,0,0,0,0,0,0,0,0,0,0,0,0,0,0,0,TUPU,MID,CH,2024,SAMPLE,102,CHR
TUPU-MID-CH-2024-278,0,0,41200,28051,0,90226,130,0,0,0,0,360,0,0,0,0,0,0,0,0,0,0,0,0,0,0,0,0,0,0,0,0,0,0,0,0,0,TUPU,MID,CH,2024,SAMPLE,102,CHR
TUPU-MID-CH-2024-280,0,0,40549,16760,0,45998,0,0,0,0,0,14340,0,0,0,0,0,629,0,0,0,0,0,0,0,0,0,0,0,0,0,0,0,0,0,0,0,TUPU,MID,CH,2024,SAMPLE,102,CHR
TUPU-MID-CH-2024-291,0,0,0,0,0,98713,0,0,0,0,0,0,0,0,0,0,0,0,0,0,0,0,0,0,0,0,0,0,0,0,0,0,0,0,0,0,0,TUPU,MID,CH,2024,SAMPLE,102,CHR
TUPU-MID-CH-2024-292,0,0,798,4017,1416,108787,0,0,0,0,0,236,0,0,0,0,0,0,0,0,0,0,0,0,0,0,0,0,0,0,0,0,0,0,0,0,0,TUPU,MID,CH,2024,SAMPLE,102,CHR
TUPU-MID-CH-2024-293,56,0,2131,0,0,7680,0,0,0,0,0,0,0,0,0,0,20,0,0,0,0,0,0,0,0,0,0,0,0,0,0,0,0,0,0,0,0,TUPU,MID,CH,2024,SAMPLE,102,CHR
TUPU-MID-CH-2024-294,0,0,59,22220,416,297117,0,0,0,0,0,19962,0,0,0,0,0,0,0,0,0,0,0,0,0,0,0,0,0,0,0,0,0,0,0,0,0,TUPU,MID,CH,2024,SAMPLE,102,CHR
TUPU-MID-CH-2024-295,2130,0,5037,0,0,55006,0,1521,0,0,0,0,0,0,0,0,0,0,0,0,0,0,0,0,0,0,0,0,0,0,0,0,0,0,0,0,0,TUPU,MID,CH,2024,SAMPLE,102,CHR
